{
  "02 - Reserve (Selecionar Voo)" : {
    "transaction" : "02 - Reserve (Selecionar Voo)",
    "sampleCount" : 9154,
    "errorCount" : 940,
    "errorPct" : 10.268735,
    "meanResTime" : 2558.7376010487214,
    "medianResTime" : 495.0,
    "minResTime" : 164.0,
    "maxResTime" : 10672.0,
    "pct1ResTime" : 8876.0,
    "pct2ResTime" : 10012.0,
    "pct3ResTime" : 10386.0,
    "throughput" : 71.21130792628378,
    "receivedKBytesPerSec" : 462.09732323099723,
    "sentKBytesPerSec" : 18.776419082125603
  },
  "Total" : {
    "transaction" : "Total",
    "sampleCount" : 27506,
    "errorCount" : 19292,
    "errorPct" : 70.13743,
    "meanResTime" : 2589.4431033229384,
    "medianResTime" : 582.0,
    "minResTime" : 164.0,
    "maxResTime" : 11070.0,
    "pct1ResTime" : 8960.700000000004,
    "pct2ResTime" : 10066.900000000001,
    "pct3ResTime" : 10444.990000000002,
    "throughput" : 211.47074652110402,
    "receivedKBytesPerSec" : 928.9431291804414,
    "sentKBytesPerSec" : 63.068534010532794
  },
  "01 - Home (Selecionar Cidades)" : {
    "transaction" : "01 - Home (Selecionar Cidades)",
    "sampleCount" : 9384,
    "errorCount" : 9384,
    "errorPct" : 100.0,
    "meanResTime" : 2671.6962915601025,
    "medianResTime" : 677.0,
    "minResTime" : 332.0,
    "maxResTime" : 11070.0,
    "pct1ResTime" : 9051.0,
    "pct2ResTime" : 10116.0,
    "pct3ResTime" : 10550.0,
    "throughput" : 72.14576766356578,
    "receivedKBytesPerSec" : 59.91609986449605,
    "sentKBytesPerSec" : 16.83870944491428
  },
  "03 - Purchase (Comprar Passagem)" : {
    "transaction" : "03 - Purchase (Comprar Passagem)",
    "sampleCount" : 8968,
    "errorCount" : 8968,
    "errorPct" : 100.0,
    "meanResTime" : 2534.7167707404124,
    "medianResTime" : 492.5,
    "minResTime" : 166.0,
    "maxResTime" : 10599.0,
    "pct1ResTime" : 8917.500000000002,
    "pct2ResTime" : 10000.199999999997,
    "pct3ResTime" : 10385.0,
    "throughput" : 69.85729419829252,
    "receivedKBytesPerSec" : 417.78152531431107,
    "sentKBytesPerSec" : 28.038425698728734
  }
}