{
  "02 - Reserve (Selecionar Voo)" : {
    "transaction" : "02 - Reserve (Selecionar Voo)",
    "sampleCount" : 54742,
    "errorCount" : 1080,
    "errorPct" : 1.972891,
    "meanResTime" : 768.6521135508375,
    "medianResTime" : 388.0,
    "minResTime" : 166.0,
    "maxResTime" : 8345.0,
    "pct1ResTime" : 1481.0,
    "pct2ResTime" : 3107.650000000005,
    "pct3ResTime" : 4917.900000000016,
    "throughput" : 181.0257309051948,
    "receivedKBytesPerSec" : 1279.8325006345094,
    "sentKBytesPerSec" : 47.73139389101816
  },
  "Total" : {
    "transaction" : "Total",
    "sampleCount" : 164268,
    "errorCount" : 110606,
    "errorPct" : 67.33265,
    "meanResTime" : 825.6525921055833,
    "medianResTime" : 460.0,
    "minResTime" : 0.0,
    "maxResTime" : 21631.0,
    "pct1ResTime" : 2051.800000000003,
    "pct2ResTime" : 3222.9500000000007,
    "pct3ResTime" : 4804.990000000002,
    "throughput" : 520.0082305829469,
    "receivedKBytesPerSec" : 2493.3239782997516,
    "sentKBytesPerSec" : 157.98151383371058
  },
  "01 - Home (Selecionar Cidades)" : {
    "transaction" : "01 - Home (Selecionar Cidades)",
    "sampleCount" : 54948,
    "errorCount" : 54948,
    "errorPct" : 100.0,
    "meanResTime" : 943.587901288493,
    "medianResTime" : 557.0,
    "minResTime" : 0.0,
    "maxResTime" : 21631.0,
    "pct1ResTime" : 1656.4000000000087,
    "pct2ResTime" : 3273.850000000002,
    "pct3ResTime" : 5064.950000000008,
    "throughput" : 173.94387375552003,
    "receivedKBytesPerSec" : 154.67326094311403,
    "sentKBytesPerSec" : 40.58197368785515
  },
  "03 - Purchase (Comprar Passagem)" : {
    "transaction" : "03 - Purchase (Comprar Passagem)",
    "sampleCount" : 54578,
    "errorCount" : 54578,
    "errorPct" : 100.0,
    "meanResTime" : 764.0895232511283,
    "medianResTime" : 388.0,
    "minResTime" : 166.0,
    "maxResTime" : 8240.0,
    "pct1ResTime" : 1462.0,
    "pct2ResTime" : 3053.850000000002,
    "pct3ResTime" : 4838.970000000005,
    "throughput" : 180.78950070721828,
    "receivedKBytesPerSec" : 1165.1644489494413,
    "sentKBytesPerSec" : 75.03470488336696
  }
}